number,quantity,color
970c00,1,Black
3070,1,Dark Bluish Gray
15712,1,Dark Bluish Gray
3005,2,Dark Bluish Gray
3069,1,Dark Bluish Gray
35480,2,Dark Bluish Gray
73825,1,Dark Bluish Gray
99207,6,Dark Bluish Gray
3622,2,Dark Bluish Gray
2431,1,Dark Bluish Gray
69729,2,Dark Bluish Gray
3033,3,Dark Bluish Gray
60479,2,Dark Bluish Gray
3070,1,Light Bluish Gray
3024,1,Light Bluish Gray
3386,7,Light Bluish Gray
3005,6,Light Bluish Gray
48729b,1,Light Bluish Gray
3069,4,Light Bluish Gray
3023,4,Light Bluish Gray
3794b,1,Light Bluish Gray
61409,2,Light Bluish Gray
85984,2,Light Bluish Gray
37352,4,Light Bluish Gray
73825,2,Light Bluish Gray
3004,1,Light Bluish Gray
79389,2,Light Bluish Gray
3068,8,Light Bluish Gray
2420,2,Light Bluish Gray
3022,8,Light Bluish Gray
11203,2,Light Bluish Gray
5846,4,Light Bluish Gray
34103,11,Light Bluish Gray
3021,2,Light Bluish Gray
3710,1,Light Bluish Gray
2431,1,Light Bluish Gray
79756,2,Light Bluish Gray
3633,2,Light Bluish Gray
22886,1,Light Bluish Gray
973pb2066c01,1,Light Bluish Gray
78329,2,Light Bluish Gray
69729,2,Light Bluish Gray
4162,2,Light Bluish Gray
4510,4,Light Bluish Gray
30586,2,Light Bluish Gray
90398,4,White
26604,2,White
3069,4,White
3794b,7,White
4733,1,White
86876,4,White
87994,1,White
3277,1,Dark Red
3070,3,Reddish Brown
24246,3,Reddish Brown
3070,1, Medium Nougat
3069,1,Medium Nougat
15573,5,Medium Nougat
3023,9,Medium Nougat
87580,1,Medium Nougat
2420,6,Medium Nougat
34103,2,Medium Nougat
69729,2,Medium Nougat
3024,14,Tan
3386,3,Tan
4070,8,Tan
87087,4,Tan
3794b,10,Tan
3069,10,Tan
3023,11,Tan
1748,2,Tan
99780,4,Tan
3004,12,Tan
11211,4,Tan
32952,11,Tan
86876,10,Tan
33909,2,Tan
3022,6,Tan
3068,18,Tan
11203,2,Tan
99207,12,Tan
3623,4,Tan
34103,11,Tan
63864,4,Tan
2357,2,Tan
44728,2,Tan
3622,4,Tan
3021,5,Tan
2431,3,Tan
3666,2,Tan
3460,2,Tan
3008,1,Tan
3626pb1227,1,Light Nougat
3005,2,Dark Green
87087,2,Dark Green
3004,2,Dark Green
2431,4,Dark Green
3010,6,Dark Green
3020,4,Dark Green
87079,4,Dark Green
24246,6,Trans-Black
3024,6,Trans-Black
3023,6,Trans-Black
